category,subcategory,occasion,sku,product_name,image_file_name,image_path_used_in_website
Logo,,,,Zivvanto Bakery Logo,zivvanto-logo.png,images/zivvanto-logo.png
Category Image,,,,Cakes category image,category-cakes.jpg,images/category-cakes.jpg
Category Image,,,,Pastries category image,category-pastries.jpg,images/category-pastries.jpg
Category Image,,,,Gourmet Treats category image,category-gourmet-treats.jpg,images/category-gourmet-treats.jpg
Category Image,,,,Savory Bakes category image,category-savory-bakes.jpg,images/category-savory-bakes.jpg
Category Image,,,,Beverages & Shakes category image,category-beverages-shakes.jpg,images/category-beverages-shakes.jpg
Cakes,Bento & Mini Cakes,,BC151,Mini Cake Design 01,bc151.jpg,images/bc151.jpg
Cakes,Bento & Mini Cakes,,BC152,Mini Cake Design 02,bc152.jpg,images/bc152.jpg
Cakes,Bento & Mini Cakes,,BC153,Mini Cake Design 03,bc153.jpg,images/bc153.jpg
Cakes,Bento & Mini Cakes,,BC154,Mini Cake Design 04,bc154.jpg,images/bc154.jpg
Cakes,Bento & Mini Cakes,,BC155,Mini Cake Design 05,bc155.jpg,images/bc155.jpg
Cakes,Bento & Mini Cakes,,BC156,Mini Cake Design 06,bc156.jpg,images/bc156.jpg
Cakes,Bento & Mini Cakes,,BC157,Mini Cake Design 07,bc157.jpg,images/bc157.jpg
Cakes,Bento & Mini Cakes,,BC158,Mini Cake Design 08,bc158.jpg,images/bc158.jpg
Cakes,Bento & Mini Cakes,,BC159,Mini Cake Design 09,bc159.jpg,images/bc159.jpg
Cakes,Bento & Mini Cakes,,BC160,Mini Cake Design 10,bc160.jpg,images/bc160.jpg
Cakes,Bento & Mini Cakes,,BC161,Mini Cake Design 11,bc161.jpg,images/bc161.jpg
Cakes,Bento & Mini Cakes,,BC162,Mini Cake Design 12,bc162.jpg,images/bc162.jpg
Cakes,Bento & Mini Cakes,,BC163,Mini Cake Design 13,bc163.jpg,images/bc163.jpg
Cakes,Bento & Mini Cakes,,BC164,Mini Cake Design 14,bc164.jpg,images/bc164.jpg
Cakes,Bento & Mini Cakes,,BC165,Mini Cake Design 15,bc165.jpg,images/bc165.jpg
Cakes,Bento & Mini Cakes,,BC166,Mini Cake Design 16,bc166.jpg,images/bc166.jpg
Cakes,Bento & Mini Cakes,,BC167,Mini Cake Design 17,bc167.jpg,images/bc167.jpg
Cakes,Bento & Mini Cakes,,BC168,Mini Cake Design 18,bc168.jpg,images/bc168.jpg
Cakes,Bento & Mini Cakes,,BC169,Mini Cake Design 19,bc169.jpg,images/bc169.jpg
Cakes,Bento & Mini Cakes,,BC170,Mini Cake Design 20,bc170.jpg,images/bc170.jpg
Cakes,Bento & Mini Cakes,,BC171,Chocolate Bento Bliss Cake,bc171.jpg,images/bc171.jpg
Cakes,Bento & Mini Cakes,,BC172,Vanilla Pearl Mini Cake,bc172.jpg,images/bc172.jpg
Cakes,Bento & Mini Cakes,,BC173,Butterscotch Bento Treat,bc173.jpg,images/bc173.jpg
Cakes,Bento & Mini Cakes,,BC174,Black Forest Mini Delight,bc174.jpg,images/bc174.jpg
Cakes,Bento & Mini Cakes,,BC175,Strawberry Cream Bento Cake,bc175.jpg,images/bc175.jpg
Cakes,Bento & Mini Cakes,,BC176,Pineapple Mini Celebration Cake,bc176.jpg,images/bc176.jpg
Cakes,Bento & Mini Cakes,,BC177,Oreo Bento Crunch Cake,bc177.jpg,images/bc177.jpg
Cakes,Bento & Mini Cakes,,BC178,Blueberry Mini Cream Cake,bc178.jpg,images/bc178.jpg
Cakes,Bento & Mini Cakes,,BC179,Rasmalai Bento Royale,bc179.jpg,images/bc179.jpg
Cakes,Bento & Mini Cakes,,BC180,Dutch Chocolate Mini Cake,bc180.jpg,images/bc180.jpg
Cakes,Bento & Mini Cakes,,BC181,KitKat Bento Chocolate Cake,bc181.jpg,images/bc181.jpg
Cakes,Bento & Mini Cakes,,BC182,Choco Vanilla Mini Cake,bc182.jpg,images/bc182.jpg
Cakes,Bento & Mini Cakes,,BC183,Caramel Bento Cream Cake,bc183.jpg,images/bc183.jpg
Cakes,Bento & Mini Cakes,,BC184,Fresh Fruit Mini Cake,bc184.jpg,images/bc184.jpg
Cakes,Bento & Mini Cakes,,BC185,Rose Pistachio Bento Cake,bc185.jpg,images/bc185.jpg
Cakes,Bento & Mini Cakes,,BC186,Coffee Mocha Mini Cake,bc186.jpg,images/bc186.jpg
Cakes,Bento & Mini Cakes,,BC187,White Forest Bento Cake,bc187.jpg,images/bc187.jpg
Cakes,Bento & Mini Cakes,,BC188,Mango Mini Cream Cake,bc188.jpg,images/bc188.jpg
Cakes,Bento & Mini Cakes,,BC189,Truffle Bento Bite Cake,bc189.jpg,images/bc189.jpg
Cakes,Bento & Mini Cakes,,BC190,Zivvanto Mini Celebration Cake,bc190.jpg,images/bc190.jpg
Cakes,Bento & Mini Cakes,,BC191,Royal Bento Chocolate Cake,bc191.jpg,images/bc191.jpg
Cakes,Bento & Mini Cakes,,BC192,Mini Vanilla Celebration Cake,bc192.jpg,images/bc192.jpg
Cakes,Bento & Mini Cakes,,BC193,Bento Red Velvet Love Cake,bc193.jpg,images/bc193.jpg
Cakes,Bento & Mini Cakes,,BC194,Mini Butterscotch Bento Cake,bc194.jpg,images/bc194.jpg
Cakes,Bento & Mini Cakes,,BC195,Bento Black Forest Cake,bc195.jpg,images/bc195.jpg
Cakes,Bento & Mini Cakes,,BC196,Mini Pineapple Bento Cake,bc196.jpg,images/bc196.jpg
Cakes,Bento & Mini Cakes,,BC197,Bento Strawberry Cream Cake,bc197.jpg,images/bc197.jpg
Cakes,Bento & Mini Cakes,,BC198,Mini Rasmalai Bento Cake,bc198.jpg,images/bc198.jpg
Cakes,Bento & Mini Cakes,,BC199,Bento Oreo Chocolate Cake,bc199.jpg,images/bc199.jpg
Cakes,Bento & Mini Cakes,,BC200,Mini Blueberry Bento Cake,bc200.jpg,images/bc200.jpg
Cakes,Signature Bestsellers,,SC251,Signature Chocolate Truffle Cake,sc251.jpg,images/sc251.jpg
Cakes,Signature Bestsellers,,SC252,Zivvanto Black Forest Special,sc252.jpg,images/sc252.jpg
Cakes,Signature Bestsellers,,SC253,Butterscotch Crunch Bestseller,sc253.jpg,images/sc253.jpg
Cakes,Signature Bestsellers,,SC254,Dutch Chocolate Signature Cake,sc254.jpg,images/sc254.jpg
Cakes,Signature Bestsellers,,SC255,Rasmalai Fusion Bestseller Cake,sc255.jpg,images/sc255.jpg
Cakes,Signature Bestsellers,,SC256,KitKat Chocolate Bestseller Cake,sc256.jpg,images/sc256.jpg
Cakes,Signature Bestsellers,,SC257,Oreo Cream Signature Cake,sc257.jpg,images/sc257.jpg
Cakes,Signature Bestsellers,,SC258,Blueberry Cream Bestseller Cake,sc258.jpg,images/sc258.jpg
Cakes,Signature Bestsellers,,SC259,Red Velvet Signature Cake,sc259.jpg,images/sc259.jpg
Cakes,Signature Bestsellers,,SC260,Pineapple Fresh Cream Bestseller,sc260.jpg,images/sc260.jpg
Cakes,Signature Bestsellers,,SC261,Strawberry Delight Signature Cake,sc261.jpg,images/sc261.jpg
Cakes,Signature Bestsellers,,SC262,Coffee Mocha Signature Cake,sc262.jpg,images/sc262.jpg
Cakes,Signature Bestsellers,,SC263,Chocolate Hazelnut Bestseller Cake,sc263.jpg,images/sc263.jpg
Cakes,Signature Bestsellers,,SC264,White Forest Signature Cake,sc264.jpg,images/sc264.jpg
Cakes,Signature Bestsellers,,SC265,Choco Vanilla Fusion Cake,sc265.jpg,images/sc265.jpg
Cakes,Signature Bestsellers,,SC266,Mango Cream Signature Cake,sc266.jpg,images/sc266.jpg
Cakes,Signature Bestsellers,,SC267,Caramel Crunch Signature Cake,sc267.jpg,images/sc267.jpg
Cakes,Signature Bestsellers,,SC268,Dark Chocolate Ganache Cake,sc268.jpg,images/sc268.jpg
Cakes,Signature Bestsellers,,SC269,Fruit Overload Bestseller Cake,sc269.jpg,images/sc269.jpg
Cakes,Signature Bestsellers,,SC270,Chocolate Chip Signature Cake,sc270.jpg,images/sc270.jpg
Cakes,Signature Bestsellers,,SC271,Ferrero Style Signature Cake,sc271.jpg,images/sc271.jpg
Cakes,Signature Bestsellers,,SC272,Nutty Chocolate Bestseller Cake,sc272.jpg,images/sc272.jpg
Cakes,Signature Bestsellers,,SC273,Classic Truffle Signature Cake,sc273.jpg,images/sc273.jpg
Cakes,Signature Bestsellers,,SC274,Double Chocolate Bestseller Cake,sc274.jpg,images/sc274.jpg
Cakes,Signature Bestsellers,,SC275,Fresh Fruit Signature Cake,sc275.jpg,images/sc275.jpg
Cakes,Signature Bestsellers,,SC276,Rose Rasmalai Signature Cake,sc276.jpg,images/sc276.jpg
Cakes,Signature Bestsellers,,SC277,Belgian Chocolate Style Cake,sc277.jpg,images/sc277.jpg
Cakes,Signature Bestsellers,,SC278,Choco Almond Bestseller Cake,sc278.jpg,images/sc278.jpg
Cakes,Signature Bestsellers,,SC279,Kesar Pista Signature Cake,sc279.jpg,images/sc279.jpg
Cakes,Signature Bestsellers,,SC280,Cookies & Cream Bestseller Cake,sc280.jpg,images/sc280.jpg
Cakes,Signature Bestsellers,,SC281,Chocolate Mousse Signature Cake,sc281.jpg,images/sc281.jpg
Cakes,Signature Bestsellers,,SC282,Vanilla Caramel Bestseller Cake,sc282.jpg,images/sc282.jpg
Cakes,Signature Bestsellers,,SC283,Blueberry Cheese Cream Cake,sc283.jpg,images/sc283.jpg
Cakes,Signature Bestsellers,,SC284,Choco Strawberry Signature Cake,sc284.jpg,images/sc284.jpg
Cakes,Signature Bestsellers,,SC285,Premium Pineapple Bestseller Cake,sc285.jpg,images/sc285.jpg
Cakes,Signature Bestsellers,,SC286,Butterscotch Almond Cake,sc286.jpg,images/sc286.jpg
Cakes,Signature Bestsellers,,SC287,Choco Oreo Drip Cake,sc287.jpg,images/sc287.jpg
Cakes,Signature Bestsellers,,SC288,Signature Choco Chips Cake,sc288.jpg,images/sc288.jpg
Cakes,Signature Bestsellers,,SC289,Rasmalai Royale Cake,sc289.jpg,images/sc289.jpg
Cakes,Signature Bestsellers,,SC290,Chocolate Brownie Signature Cake,sc290.jpg,images/sc290.jpg
Cakes,Signature Bestsellers,,SC291,Vanilla Fruit Bestseller Cake,sc291.jpg,images/sc291.jpg
Cakes,Signature Bestsellers,,SC292,Coffee Chocolate Bestseller Cake,sc292.jpg,images/sc292.jpg
Cakes,Signature Bestsellers,,SC293,Caramel Butterscotch Cake,sc293.jpg,images/sc293.jpg
Cakes,Signature Bestsellers,,SC294,Truffle Crunch Signature Cake,sc294.jpg,images/sc294.jpg
Cakes,Signature Bestsellers,,SC295,Chocolate Overload Bestseller Cake,sc295.jpg,images/sc295.jpg
Cakes,Signature Bestsellers,,SC296,Red Velvet Cream Bestseller,sc296.jpg,images/sc296.jpg
Cakes,Signature Bestsellers,,SC297,Blueberry Chocolate Signature Cake,sc297.jpg,images/sc297.jpg
Cakes,Signature Bestsellers,,SC298,Pista Rose Signature Cake,sc298.jpg,images/sc298.jpg
Cakes,Signature Bestsellers,,SC299,Premium Choco Delight Cake,sc299.jpg,images/sc299.jpg
Cakes,Signature Bestsellers,,SC300,Zivvanto Signature Celebration Cake,sc300.jpg,images/sc300.jpg
Cakes,Classic Cakes,,CC051,Classic Pineapple Cake,cc051.jpg,images/cc051.jpg
Cakes,Classic Cakes,,CC052,Classic Vanilla Cream Cake,cc052.jpg,images/cc052.jpg
Cakes,Classic Cakes,,CC053,Classic Strawberry Cake,cc053.jpg,images/cc053.jpg
Cakes,Classic Cakes,,CC054,Classic Chocolate Cake,cc054.jpg,images/cc054.jpg
Cakes,Classic Cakes,,CC055,Classic Black Forest Cake,cc055.jpg,images/cc055.jpg
Cakes,Classic Cakes,,CC056,Classic Butterscotch Cake,cc056.jpg,images/cc056.jpg
Cakes,Classic Cakes,,CC057,Classic Red Velvet Cake,cc057.jpg,images/cc057.jpg
Cakes,Classic Cakes,,CC058,Classic Blueberry Cake,cc058.jpg,images/cc058.jpg
Cakes,Classic Cakes,,CC059,Classic Mango Cake,cc059.jpg,images/cc059.jpg
Cakes,Classic Cakes,,CC060,Classic Coffee Cake,cc060.jpg,images/cc060.jpg
Cakes,Classic Cakes,,CC061,Classic White Forest Cake,cc061.jpg,images/cc061.jpg
Cakes,Classic Cakes,,CC062,Classic Fresh Fruit Cake,cc062.jpg,images/cc062.jpg
Cakes,Classic Cakes,,CC063,Classic Choco Vanilla Cake,cc063.jpg,images/cc063.jpg
Cakes,Classic Cakes,,CC064,Classic Oreo Cake,cc064.jpg,images/cc064.jpg
Cakes,Classic Cakes,,CC065,Classic KitKat Cake,cc065.jpg,images/cc065.jpg
Cakes,Classic Cakes,,CC066,Classic Rasmalai Cake,cc066.jpg,images/cc066.jpg
Cakes,Classic Cakes,,CC067,Classic Dutch Chocolate Cake,cc067.jpg,images/cc067.jpg
Cakes,Classic Cakes,,CC068,Classic Truffle Cake,cc068.jpg,images/cc068.jpg
Cakes,Classic Cakes,,CC069,Classic Vanilla Fruit Cake,cc069.jpg,images/cc069.jpg
Cakes,Classic Cakes,,CC070,Classic Choco Chip Cake,cc070.jpg,images/cc070.jpg
Cakes,Classic Cakes,,CC071,Classic Caramel Cake,cc071.jpg,images/cc071.jpg
Cakes,Classic Cakes,,CC072,Classic Kesar Pista Cake,cc072.jpg,images/cc072.jpg
Cakes,Classic Cakes,,CC073,Classic Rose Cake,cc073.jpg,images/cc073.jpg
Cakes,Classic Cakes,,CC074,Classic Chocolate Cream Cake,cc074.jpg,images/cc074.jpg
Cakes,Classic Cakes,,CC075,Classic Pineapple Cherry Cake,cc075.jpg,images/cc075.jpg
Cakes,Classic Cakes,,CC076,Classic Cake Design 26,cc076.jpg,images/cc076.jpg
Cakes,Classic Cakes,,CC077,Classic Cake Design 27,cc077.jpg,images/cc077.jpg
Cakes,Classic Cakes,,CC078,Classic Cake Design 28,cc078.jpg,images/cc078.jpg
Cakes,Classic Cakes,,CC079,Classic Cake Design 29,cc079.jpg,images/cc079.jpg
Cakes,Classic Cakes,,CC080,Classic Cake Design 30,cc080.jpg,images/cc080.jpg
Cakes,Classic Cakes,,CC081,Classic Cake Design 31,cc081.jpg,images/cc081.jpg
Cakes,Classic Cakes,,CC082,Classic Cake Design 32,cc082.jpg,images/cc082.jpg
Cakes,Classic Cakes,,CC083,Classic Cake Design 33,cc083.jpg,images/cc083.jpg
Cakes,Classic Cakes,,CC084,Classic Cake Design 34,cc084.jpg,images/cc084.jpg
Cakes,Classic Cakes,,CC085,Classic Cake Design 35,cc085.jpg,images/cc085.jpg
Cakes,Classic Cakes,,CC086,Classic Cake Design 36,cc086.jpg,images/cc086.jpg
Cakes,Classic Cakes,,CC087,Classic Cake Design 37,cc087.jpg,images/cc087.jpg
Cakes,Classic Cakes,,CC088,Classic Cake Design 38,cc088.jpg,images/cc088.jpg
Cakes,Classic Cakes,,CC089,Classic Cake Design 39,cc089.jpg,images/cc089.jpg
Cakes,Classic Cakes,,CC090,Classic Cake Design 40,cc090.jpg,images/cc090.jpg
Cakes,Classic Cakes,,CC091,Classic Cake Design 41,cc091.jpg,images/cc091.jpg
Cakes,Classic Cakes,,CC092,Classic Cake Design 42,cc092.jpg,images/cc092.jpg
Cakes,Classic Cakes,,CC093,Classic Cake Design 43,cc093.jpg,images/cc093.jpg
Cakes,Classic Cakes,,CC094,Classic Cake Design 44,cc094.jpg,images/cc094.jpg
Cakes,Classic Cakes,,CC095,Classic Cake Design 45,cc095.jpg,images/cc095.jpg
Cakes,Classic Cakes,,CC096,Classic Cake Design 46,cc096.jpg,images/cc096.jpg
Cakes,Classic Cakes,,CC097,Classic Cake Design 47,cc097.jpg,images/cc097.jpg
Cakes,Classic Cakes,,CC098,Classic Cake Design 48,cc098.jpg,images/cc098.jpg
Cakes,Classic Cakes,,CC099,Classic Cake Design 49,cc099.jpg,images/cc099.jpg
Cakes,Classic Cakes,,CC100,Classic Cake Design 50,cc100.jpg,images/cc100.jpg
Cakes,Designer Specials,,DC351,Floral Designer Cake,dc351.jpg,images/dc351.jpg
Cakes,Designer Specials,,DC352,Theme Cake,dc352.jpg,images/dc352.jpg
Cakes,Designer Specials,,DC353,Designer Cake,dc353.jpg,images/dc353.jpg
Cakes,Designer Specials,,DC354,Princess Theme Designer Cake,dc354.jpg,images/dc354.jpg
Cakes,Designer Specials,,DC355,Cartoon Theme Cake,dc355.jpg,images/dc355.jpg
Cakes,Designer Specials,,DC356,Photo Print Designer Cake,dc356.jpg,images/dc356.jpg
Cakes,Designer Specials,,DC357,Chocolate Drip Designer Cake,dc357.jpg,images/dc357.jpg
Cakes,Designer Specials,,DC358,Floral Cream Designer Cake,dc358.jpg,images/dc358.jpg
Cakes,Designer Specials,,DC359,Kids Birthday Theme Cake,dc359.jpg,images/dc359.jpg
Cakes,Designer Specials,,DC360,Elegant Anniversary Designer Cake,dc360.jpg,images/dc360.jpg
Cakes,Designer Specials,,DC361,Heart Shape Designer Cake,dc361.jpg,images/dc361.jpg
Cakes,Designer Specials,,DC362,Two Tier Designer Cake,dc362.jpg,images/dc362.jpg
Cakes,Designer Specials,,DC363,Number Cake Design,dc363.jpg,images/dc363.jpg
Cakes,Designer Specials,,DC364,Alphabet Cake Design,dc364.jpg,images/dc364.jpg
Cakes,Designer Specials,,DC365,Butterfly Theme Cake,dc365.jpg,images/dc365.jpg
Cakes,Designer Specials,,DC366,Jungle Theme Cake,dc366.jpg,images/dc366.jpg
Cakes,Designer Specials,,DC367,Cricket Theme Cake,dc367.jpg,images/dc367.jpg
Cakes,Designer Specials,,DC368,Football Theme Cake,dc368.jpg,images/dc368.jpg
Cakes,Designer Specials,,DC369,Makeup Theme Cake,dc369.jpg,images/dc369.jpg
Cakes,Designer Specials,,DC370,Unicorn Theme Cake,dc370.jpg,images/dc370.jpg
Cakes,Designer Specials,,DC371,Crown Theme Designer Cake,dc371.jpg,images/dc371.jpg
Cakes,Designer Specials,,DC372,Royal Blue Designer Cake,dc372.jpg,images/dc372.jpg
Cakes,Designer Specials,,DC373,Golden Designer Cake,dc373.jpg,images/dc373.jpg
Cakes,Designer Specials,,DC374,Minimal Floral Designer Cake,dc374.jpg,images/dc374.jpg
Cakes,Designer Specials,,DC375,Chocolate Loaded Designer Cake,dc375.jpg,images/dc375.jpg
Cakes,Designer Specials,,DC376,Designer Special Cake Design 26,dc376.jpg,images/dc376.jpg
Cakes,Designer Specials,,DC377,Designer Special Cake Design 27,dc377.jpg,images/dc377.jpg
Cakes,Designer Specials,,DC378,Designer Special Cake Design 28,dc378.jpg,images/dc378.jpg
Cakes,Designer Specials,,DC379,Designer Special Cake Design 29,dc379.jpg,images/dc379.jpg
Cakes,Designer Specials,,DC380,Designer Special Cake Design 30,dc380.jpg,images/dc380.jpg
Cakes,Designer Specials,,DC381,Designer Special Cake Design 31,dc381.jpg,images/dc381.jpg
Cakes,Designer Specials,,DC382,Designer Special Cake Design 32,dc382.jpg,images/dc382.jpg
Cakes,Designer Specials,,DC383,Designer Special Cake Design 33,dc383.jpg,images/dc383.jpg
Cakes,Designer Specials,,DC384,Designer Special Cake Design 34,dc384.jpg,images/dc384.jpg
Cakes,Designer Specials,,DC385,Designer Special Cake Design 35,dc385.jpg,images/dc385.jpg
Cakes,Designer Specials,,DC386,Designer Special Cake Design 36,dc386.jpg,images/dc386.jpg
Cakes,Designer Specials,,DC387,Designer Special Cake Design 37,dc387.jpg,images/dc387.jpg
Cakes,Designer Specials,,DC388,Designer Special Cake Design 38,dc388.jpg,images/dc388.jpg
Cakes,Designer Specials,,DC389,Designer Special Cake Design 39,dc389.jpg,images/dc389.jpg
Cakes,Designer Specials,,DC390,Designer Special Cake Design 40,dc390.jpg,images/dc390.jpg
Cakes,Designer Specials,,DC391,Designer Special Cake Design 41,dc391.jpg,images/dc391.jpg
Cakes,Designer Specials,,DC392,Designer Special Cake Design 42,dc392.jpg,images/dc392.jpg
Cakes,Designer Specials,,DC393,Designer Special Cake Design 43,dc393.jpg,images/dc393.jpg
Cakes,Designer Specials,,DC394,Designer Special Cake Design 44,dc394.jpg,images/dc394.jpg
Cakes,Designer Specials,,DC395,Designer Special Cake Design 45,dc395.jpg,images/dc395.jpg
Cakes,Designer Specials,,DC396,Designer Special Cake Design 46,dc396.jpg,images/dc396.jpg
Cakes,Designer Specials,,DC397,Designer Special Cake Design 47,dc397.jpg,images/dc397.jpg
Cakes,Designer Specials,,DC398,Designer Special Cake Design 48,dc398.jpg,images/dc398.jpg
Cakes,Designer Specials,,DC399,Designer Special Cake Design 49,dc399.jpg,images/dc399.jpg
Cakes,Designer Specials,,DC400,Designer Special Cake Design 50,dc400.jpg,images/dc400.jpg
Cakes,Special Occasion,New Year (1 Jan),OC451,New Year Cake Design 01,oc451.jpg,images/oc451.jpg
Cakes,Special Occasion,New Year (1 Jan),OC452,New Year Cake Design 02,oc452.jpg,images/oc452.jpg
Cakes,Special Occasion,New Year (1 Jan),OC453,New Year Cake Design 03,oc453.jpg,images/oc453.jpg
Cakes,Special Occasion,New Year (1 Jan),OC454,New Year Cake Design 04,oc454.jpg,images/oc454.jpg
Cakes,Special Occasion,New Year (1 Jan),OC455,New Year Cake Design 05,oc455.jpg,images/oc455.jpg
Cakes,Special Occasion,New Year (1 Jan),OC456,New Year Cake Design 06,oc456.jpg,images/oc456.jpg
Cakes,Special Occasion,New Year (1 Jan),OC457,New Year Cake Design 07,oc457.jpg,images/oc457.jpg
Cakes,Special Occasion,New Year (1 Jan),OC458,New Year Cake Design 08,oc458.jpg,images/oc458.jpg
Cakes,Special Occasion,New Year (1 Jan),OC459,New Year Cake Design 09,oc459.jpg,images/oc459.jpg
Cakes,Special Occasion,New Year (1 Jan),OC460,New Year Cake Design 10,oc460.jpg,images/oc460.jpg
Cakes,Special Occasion,New Year (1 Jan),OC461,New Year Cake Design 11,oc461.jpg,images/oc461.jpg
Cakes,Special Occasion,New Year (1 Jan),OC462,New Year Cake Design 12,oc462.jpg,images/oc462.jpg
Cakes,Special Occasion,New Year (1 Jan),OC463,New Year Cake Design 13,oc463.jpg,images/oc463.jpg
Cakes,Special Occasion,New Year (1 Jan),OC464,New Year Cake Design 14,oc464.jpg,images/oc464.jpg
Cakes,Special Occasion,New Year (1 Jan),OC465,New Year Cake Design 15,oc465.jpg,images/oc465.jpg
Cakes,Special Occasion,New Year (1 Jan),OC466,New Year Cake Design 16,oc466.jpg,images/oc466.jpg
Cakes,Special Occasion,New Year (1 Jan),OC467,New Year Cake Design 17,oc467.jpg,images/oc467.jpg
Cakes,Special Occasion,New Year (1 Jan),OC468,New Year Cake Design 18,oc468.jpg,images/oc468.jpg
Cakes,Special Occasion,New Year (1 Jan),OC469,New Year Cake Design 19,oc469.jpg,images/oc469.jpg
Cakes,Special Occasion,New Year (1 Jan),OC470,New Year Cake Design 20,oc470.jpg,images/oc470.jpg
Cakes,Special Occasion,Valentine's Day (14 Feb),OC471,Valentine's Day Cake Design 01,oc471.jpg,images/oc471.jpg
Cakes,Special Occasion,Valentine's Day (14 Feb),OC472,Valentine's Day Cake Design 02,oc472.jpg,images/oc472.jpg
Cakes,Special Occasion,Valentine's Day (14 Feb),OC473,Valentine's Day Cake Design 03,oc473.jpg,images/oc473.jpg
Cakes,Special Occasion,Valentine's Day (14 Feb),OC474,Valentine's Day Cake Design 04,oc474.jpg,images/oc474.jpg
Cakes,Special Occasion,Valentine's Day (14 Feb),OC475,Valentine's Day Cake Design 05,oc475.jpg,images/oc475.jpg
Cakes,Special Occasion,Valentine's Day (14 Feb),OC476,Valentine's Day Cake Design 06,oc476.jpg,images/oc476.jpg
Cakes,Special Occasion,Valentine's Day (14 Feb),OC477,Valentine's Day Cake Design 07,oc477.jpg,images/oc477.jpg
Cakes,Special Occasion,Valentine's Day (14 Feb),OC478,Valentine's Day Cake Design 08,oc478.jpg,images/oc478.jpg
Cakes,Special Occasion,Valentine's Day (14 Feb),OC479,Valentine's Day Cake Design 09,oc479.jpg,images/oc479.jpg
Cakes,Special Occasion,Valentine's Day (14 Feb),OC480,Valentine's Day Cake Design 10,oc480.jpg,images/oc480.jpg
Cakes,Special Occasion,Valentine's Day (14 Feb),OC481,Valentine's Day Cake Design 11,oc481.jpg,images/oc481.jpg
Cakes,Special Occasion,Valentine's Day (14 Feb),OC482,Valentine's Day Cake Design 12,oc482.jpg,images/oc482.jpg
Cakes,Special Occasion,Valentine's Day (14 Feb),OC483,Valentine's Day Cake Design 13,oc483.jpg,images/oc483.jpg
Cakes,Special Occasion,Valentine's Day (14 Feb),OC484,Valentine's Day Cake Design 14,oc484.jpg,images/oc484.jpg
Cakes,Special Occasion,Valentine's Day (14 Feb),OC485,Valentine's Day Cake Design 15,oc485.jpg,images/oc485.jpg
Cakes,Special Occasion,Valentine's Day (14 Feb),OC486,Valentine's Day Cake Design 16,oc486.jpg,images/oc486.jpg
Cakes,Special Occasion,Valentine's Day (14 Feb),OC487,Valentine's Day Cake Design 17,oc487.jpg,images/oc487.jpg
Cakes,Special Occasion,Valentine's Day (14 Feb),OC488,Valentine's Day Cake Design 18,oc488.jpg,images/oc488.jpg
Cakes,Special Occasion,Valentine's Day (14 Feb),OC489,Valentine's Day Cake Design 19,oc489.jpg,images/oc489.jpg
Cakes,Special Occasion,Valentine's Day (14 Feb),OC490,Valentine's Day Cake Design 20,oc490.jpg,images/oc490.jpg
Cakes,Special Occasion,Mother's Day (May),OC491,Mother's Day Cake Design 01,oc491.jpg,images/oc491.jpg
Cakes,Special Occasion,Mother's Day (May),OC492,Mother's Day Cake Design 02,oc492.jpg,images/oc492.jpg
Cakes,Special Occasion,Mother's Day (May),OC493,Mother's Day Cake Design 03,oc493.jpg,images/oc493.jpg
Cakes,Special Occasion,Mother's Day (May),OC494,Mother's Day Cake Design 04,oc494.jpg,images/oc494.jpg
Cakes,Special Occasion,Mother's Day (May),OC495,Mother's Day Cake Design 05,oc495.jpg,images/oc495.jpg
Cakes,Special Occasion,Mother's Day (May),OC496,Mother's Day Cake Design 06,oc496.jpg,images/oc496.jpg
Cakes,Special Occasion,Mother's Day (May),OC497,Mother's Day Cake Design 07,oc497.jpg,images/oc497.jpg
Cakes,Special Occasion,Mother's Day (May),OC498,Mother's Day Cake Design 08,oc498.jpg,images/oc498.jpg
Cakes,Special Occasion,Mother's Day (May),OC499,Mother's Day Cake Design 09,oc499.jpg,images/oc499.jpg
Cakes,Special Occasion,Mother's Day (May),OC500,Mother's Day Cake Design 10,oc500.jpg,images/oc500.jpg
Cakes,Special Occasion,Mother's Day (May),OC501,Mother's Day Cake Design 11,oc501.jpg,images/oc501.jpg
Cakes,Special Occasion,Mother's Day (May),OC502,Mother's Day Cake Design 12,oc502.jpg,images/oc502.jpg
Cakes,Special Occasion,Mother's Day (May),OC503,Mother's Day Cake Design 13,oc503.jpg,images/oc503.jpg
Cakes,Special Occasion,Mother's Day (May),OC504,Mother's Day Cake Design 14,oc504.jpg,images/oc504.jpg
Cakes,Special Occasion,Mother's Day (May),OC505,Mother's Day Cake Design 15,oc505.jpg,images/oc505.jpg
Cakes,Special Occasion,Mother's Day (May),OC506,Mother's Day Cake Design 16,oc506.jpg,images/oc506.jpg
Cakes,Special Occasion,Mother's Day (May),OC507,Mother's Day Cake Design 17,oc507.jpg,images/oc507.jpg
Cakes,Special Occasion,Mother's Day (May),OC508,Mother's Day Cake Design 18,oc508.jpg,images/oc508.jpg
Cakes,Special Occasion,Mother's Day (May),OC509,Mother's Day Cake Design 19,oc509.jpg,images/oc509.jpg
Cakes,Special Occasion,Mother's Day (May),OC510,Mother's Day Cake Design 20,oc510.jpg,images/oc510.jpg
Cakes,Special Occasion,Father's Day (June),OC511,Father's Day Cake Design 01,oc511.jpg,images/oc511.jpg
Cakes,Special Occasion,Father's Day (June),OC512,Father's Day Cake Design 02,oc512.jpg,images/oc512.jpg
Cakes,Special Occasion,Father's Day (June),OC513,Father's Day Cake Design 03,oc513.jpg,images/oc513.jpg
Cakes,Special Occasion,Father's Day (June),OC514,Father's Day Cake Design 04,oc514.jpg,images/oc514.jpg
Cakes,Special Occasion,Father's Day (June),OC515,Father's Day Cake Design 05,oc515.jpg,images/oc515.jpg
Cakes,Special Occasion,Father's Day (June),OC516,Father's Day Cake Design 06,oc516.jpg,images/oc516.jpg
Cakes,Special Occasion,Father's Day (June),OC517,Father's Day Cake Design 07,oc517.jpg,images/oc517.jpg
Cakes,Special Occasion,Father's Day (June),OC518,Father's Day Cake Design 08,oc518.jpg,images/oc518.jpg
Cakes,Special Occasion,Father's Day (June),OC519,Father's Day Cake Design 09,oc519.jpg,images/oc519.jpg
Cakes,Special Occasion,Father's Day (June),OC520,Father's Day Cake Design 10,oc520.jpg,images/oc520.jpg
Cakes,Special Occasion,Father's Day (June),OC521,Father's Day Cake Design 11,oc521.jpg,images/oc521.jpg
Cakes,Special Occasion,Father's Day (June),OC522,Father's Day Cake Design 12,oc522.jpg,images/oc522.jpg
Cakes,Special Occasion,Father's Day (June),OC523,Father's Day Cake Design 13,oc523.jpg,images/oc523.jpg
Cakes,Special Occasion,Father's Day (June),OC524,Father's Day Cake Design 14,oc524.jpg,images/oc524.jpg
Cakes,Special Occasion,Father's Day (June),OC525,Father's Day Cake Design 15,oc525.jpg,images/oc525.jpg
Cakes,Special Occasion,Father's Day (June),OC526,Father's Day Cake Design 16,oc526.jpg,images/oc526.jpg
Cakes,Special Occasion,Father's Day (June),OC527,Father's Day Cake Design 17,oc527.jpg,images/oc527.jpg
Cakes,Special Occasion,Father's Day (June),OC528,Father's Day Cake Design 18,oc528.jpg,images/oc528.jpg
Cakes,Special Occasion,Father's Day (June),OC529,Father's Day Cake Design 19,oc529.jpg,images/oc529.jpg
Cakes,Special Occasion,Father's Day (June),OC530,Father's Day Cake Design 20,oc530.jpg,images/oc530.jpg
Cakes,Special Occasion,Friendship Day (August),OC531,Friendship Day Cake Design 01,oc531.jpg,images/oc531.jpg
Cakes,Special Occasion,Friendship Day (August),OC532,Friendship Day Cake Design 02,oc532.jpg,images/oc532.jpg
Cakes,Special Occasion,Friendship Day (August),OC533,Friendship Day Cake Design 03,oc533.jpg,images/oc533.jpg
Cakes,Special Occasion,Friendship Day (August),OC534,Friendship Day Cake Design 04,oc534.jpg,images/oc534.jpg
Cakes,Special Occasion,Friendship Day (August),OC535,Friendship Day Cake Design 05,oc535.jpg,images/oc535.jpg
Cakes,Special Occasion,Friendship Day (August),OC536,Friendship Day Cake Design 06,oc536.jpg,images/oc536.jpg
Cakes,Special Occasion,Friendship Day (August),OC537,Friendship Day Cake Design 07,oc537.jpg,images/oc537.jpg
Cakes,Special Occasion,Friendship Day (August),OC538,Friendship Day Cake Design 08,oc538.jpg,images/oc538.jpg
Cakes,Special Occasion,Friendship Day (August),OC539,Friendship Day Cake Design 09,oc539.jpg,images/oc539.jpg
Cakes,Special Occasion,Friendship Day (August),OC540,Friendship Day Cake Design 10,oc540.jpg,images/oc540.jpg
Cakes,Special Occasion,Friendship Day (August),OC541,Friendship Day Cake Design 11,oc541.jpg,images/oc541.jpg
Cakes,Special Occasion,Friendship Day (August),OC542,Friendship Day Cake Design 12,oc542.jpg,images/oc542.jpg
Cakes,Special Occasion,Friendship Day (August),OC543,Friendship Day Cake Design 13,oc543.jpg,images/oc543.jpg
Cakes,Special Occasion,Friendship Day (August),OC544,Friendship Day Cake Design 14,oc544.jpg,images/oc544.jpg
Cakes,Special Occasion,Friendship Day (August),OC545,Friendship Day Cake Design 15,oc545.jpg,images/oc545.jpg
Cakes,Special Occasion,Friendship Day (August),OC546,Friendship Day Cake Design 16,oc546.jpg,images/oc546.jpg
Cakes,Special Occasion,Friendship Day (August),OC547,Friendship Day Cake Design 17,oc547.jpg,images/oc547.jpg
Cakes,Special Occasion,Friendship Day (August),OC548,Friendship Day Cake Design 18,oc548.jpg,images/oc548.jpg
Cakes,Special Occasion,Friendship Day (August),OC549,Friendship Day Cake Design 19,oc549.jpg,images/oc549.jpg
Cakes,Special Occasion,Friendship Day (August),OC550,Friendship Day Cake Design 20,oc550.jpg,images/oc550.jpg
Cakes,Special Occasion,Christmas (25 Dec),OC551,Christmas Cake Design 01,oc551.jpg,images/oc551.jpg
Cakes,Special Occasion,Christmas (25 Dec),OC552,Christmas Cake Design 02,oc552.jpg,images/oc552.jpg
Cakes,Special Occasion,Christmas (25 Dec),OC553,Christmas Cake Design 03,oc553.jpg,images/oc553.jpg
Cakes,Special Occasion,Christmas (25 Dec),OC554,Christmas Cake Design 04,oc554.jpg,images/oc554.jpg
Cakes,Special Occasion,Christmas (25 Dec),OC555,Christmas Cake Design 05,oc555.jpg,images/oc555.jpg
Cakes,Special Occasion,Christmas (25 Dec),OC556,Christmas Cake Design 06,oc556.jpg,images/oc556.jpg
Cakes,Special Occasion,Christmas (25 Dec),OC557,Christmas Cake Design 07,oc557.jpg,images/oc557.jpg
Cakes,Special Occasion,Christmas (25 Dec),OC558,Christmas Cake Design 08,oc558.jpg,images/oc558.jpg
Cakes,Special Occasion,Christmas (25 Dec),OC559,Christmas Cake Design 09,oc559.jpg,images/oc559.jpg
Cakes,Special Occasion,Christmas (25 Dec),OC560,Christmas Cake Design 10,oc560.jpg,images/oc560.jpg
Cakes,Special Occasion,Christmas (25 Dec),OC561,Christmas Cake Design 11,oc561.jpg,images/oc561.jpg
Cakes,Special Occasion,Christmas (25 Dec),OC562,Christmas Cake Design 12,oc562.jpg,images/oc562.jpg
Cakes,Special Occasion,Christmas (25 Dec),OC563,Christmas Cake Design 13,oc563.jpg,images/oc563.jpg
Cakes,Special Occasion,Christmas (25 Dec),OC564,Christmas Cake Design 14,oc564.jpg,images/oc564.jpg
Cakes,Special Occasion,Christmas (25 Dec),OC565,Christmas Cake Design 15,oc565.jpg,images/oc565.jpg
Cakes,Special Occasion,Christmas (25 Dec),OC566,Christmas Cake Design 16,oc566.jpg,images/oc566.jpg
Cakes,Special Occasion,Christmas (25 Dec),OC567,Christmas Cake Design 17,oc567.jpg,images/oc567.jpg
Cakes,Special Occasion,Christmas (25 Dec),OC568,Christmas Cake Design 18,oc568.jpg,images/oc568.jpg
Cakes,Special Occasion,Christmas (25 Dec),OC569,Christmas Cake Design 19,oc569.jpg,images/oc569.jpg
Cakes,Special Occasion,Christmas (25 Dec),OC570,Christmas Cake Design 20,oc570.jpg,images/oc570.jpg
Cakes,Special Occasion,Karva Chauth,OC571,Karva Chauth Cake Design 01,oc571.jpg,images/oc571.jpg
Cakes,Special Occasion,Karva Chauth,OC572,Karva Chauth Cake Design 02,oc572.jpg,images/oc572.jpg
Cakes,Special Occasion,Karva Chauth,OC573,Karva Chauth Cake Design 03,oc573.jpg,images/oc573.jpg
Cakes,Special Occasion,Karva Chauth,OC574,Karva Chauth Cake Design 04,oc574.jpg,images/oc574.jpg
Cakes,Special Occasion,Karva Chauth,OC575,Karva Chauth Cake Design 05,oc575.jpg,images/oc575.jpg
Cakes,Special Occasion,Karva Chauth,OC576,Karva Chauth Cake Design 06,oc576.jpg,images/oc576.jpg
Cakes,Special Occasion,Karva Chauth,OC577,Karva Chauth Cake Design 07,oc577.jpg,images/oc577.jpg
Cakes,Special Occasion,Karva Chauth,OC578,Karva Chauth Cake Design 08,oc578.jpg,images/oc578.jpg
Cakes,Special Occasion,Karva Chauth,OC579,Karva Chauth Cake Design 09,oc579.jpg,images/oc579.jpg
Cakes,Special Occasion,Karva Chauth,OC580,Karva Chauth Cake Design 10,oc580.jpg,images/oc580.jpg
Cakes,Special Occasion,Karva Chauth,OC581,Karva Chauth Cake Design 11,oc581.jpg,images/oc581.jpg
Cakes,Special Occasion,Karva Chauth,OC582,Karva Chauth Cake Design 12,oc582.jpg,images/oc582.jpg
Cakes,Special Occasion,Karva Chauth,OC583,Karva Chauth Cake Design 13,oc583.jpg,images/oc583.jpg
Cakes,Special Occasion,Karva Chauth,OC584,Karva Chauth Cake Design 14,oc584.jpg,images/oc584.jpg
Cakes,Special Occasion,Karva Chauth,OC585,Karva Chauth Cake Design 15,oc585.jpg,images/oc585.jpg
Cakes,Special Occasion,Karva Chauth,OC586,Karva Chauth Cake Design 16,oc586.jpg,images/oc586.jpg
Cakes,Special Occasion,Karva Chauth,OC587,Karva Chauth Cake Design 17,oc587.jpg,images/oc587.jpg
Cakes,Special Occasion,Karva Chauth,OC588,Karva Chauth Cake Design 18,oc588.jpg,images/oc588.jpg
Cakes,Special Occasion,Karva Chauth,OC589,Karva Chauth Cake Design 19,oc589.jpg,images/oc589.jpg
Cakes,Special Occasion,Karva Chauth,OC590,Karva Chauth Cake Design 20,oc590.jpg,images/oc590.jpg
Cakes,Special Occasion,Teej,OC591,Teej Cake Design 01,oc591.jpg,images/oc591.jpg
Cakes,Special Occasion,Teej,OC592,Teej Cake Design 02,oc592.jpg,images/oc592.jpg
Cakes,Special Occasion,Teej,OC593,Teej Cake Design 03,oc593.jpg,images/oc593.jpg
Cakes,Special Occasion,Teej,OC594,Teej Cake Design 04,oc594.jpg,images/oc594.jpg
Cakes,Special Occasion,Teej,OC595,Teej Cake Design 05,oc595.jpg,images/oc595.jpg
Cakes,Special Occasion,Teej,OC596,Teej Cake Design 06,oc596.jpg,images/oc596.jpg
Cakes,Special Occasion,Teej,OC597,Teej Cake Design 07,oc597.jpg,images/oc597.jpg
Cakes,Special Occasion,Teej,OC598,Teej Cake Design 08,oc598.jpg,images/oc598.jpg
Cakes,Special Occasion,Teej,OC599,Teej Cake Design 09,oc599.jpg,images/oc599.jpg
Cakes,Special Occasion,Teej,OC600,Teej Cake Design 10,oc600.jpg,images/oc600.jpg
Cakes,Special Occasion,Teej,OC601,Teej Cake Design 11,oc601.jpg,images/oc601.jpg
Cakes,Special Occasion,Teej,OC602,Teej Cake Design 12,oc602.jpg,images/oc602.jpg
Cakes,Special Occasion,Teej,OC603,Teej Cake Design 13,oc603.jpg,images/oc603.jpg
Cakes,Special Occasion,Teej,OC604,Teej Cake Design 14,oc604.jpg,images/oc604.jpg
Cakes,Special Occasion,Teej,OC605,Teej Cake Design 15,oc605.jpg,images/oc605.jpg
Cakes,Special Occasion,Teej,OC606,Teej Cake Design 16,oc606.jpg,images/oc606.jpg
Cakes,Special Occasion,Teej,OC607,Teej Cake Design 17,oc607.jpg,images/oc607.jpg
Cakes,Special Occasion,Teej,OC608,Teej Cake Design 18,oc608.jpg,images/oc608.jpg
Cakes,Special Occasion,Teej,OC609,Teej Cake Design 19,oc609.jpg,images/oc609.jpg
Cakes,Special Occasion,Teej,OC610,Teej Cake Design 20,oc610.jpg,images/oc610.jpg
Cakes,Special Occasion,Engagement / Wedding,OC611,Engagement & Wedding Cake Design 01,oc611.jpg,images/oc611.jpg
Cakes,Special Occasion,Engagement / Wedding,OC612,Engagement & Wedding Cake Design 02,oc612.jpg,images/oc612.jpg
Cakes,Special Occasion,Engagement / Wedding,OC613,Engagement & Wedding Cake Design 03,oc613.jpg,images/oc613.jpg
Cakes,Special Occasion,Engagement / Wedding,OC614,Engagement & Wedding Cake Design 04,oc614.jpg,images/oc614.jpg
Cakes,Special Occasion,Engagement / Wedding,OC615,Engagement & Wedding Cake Design 05,oc615.jpg,images/oc615.jpg
Cakes,Special Occasion,Engagement / Wedding,OC616,Engagement & Wedding Cake Design 06,oc616.jpg,images/oc616.jpg
Cakes,Special Occasion,Engagement / Wedding,OC617,Engagement & Wedding Cake Design 07,oc617.jpg,images/oc617.jpg
Cakes,Special Occasion,Engagement / Wedding,OC618,Engagement & Wedding Cake Design 08,oc618.jpg,images/oc618.jpg
Cakes,Special Occasion,Engagement / Wedding,OC619,Engagement & Wedding Cake Design 09,oc619.jpg,images/oc619.jpg
Cakes,Special Occasion,Engagement / Wedding,OC620,Engagement & Wedding Cake Design 10,oc620.jpg,images/oc620.jpg
Cakes,Special Occasion,Engagement / Wedding,OC621,Engagement & Wedding Cake Design 11,oc621.jpg,images/oc621.jpg
Cakes,Special Occasion,Engagement / Wedding,OC622,Engagement & Wedding Cake Design 12,oc622.jpg,images/oc622.jpg
Cakes,Special Occasion,Engagement / Wedding,OC623,Engagement & Wedding Cake Design 13,oc623.jpg,images/oc623.jpg
Cakes,Special Occasion,Engagement / Wedding,OC624,Engagement & Wedding Cake Design 14,oc624.jpg,images/oc624.jpg
Cakes,Special Occasion,Engagement / Wedding,OC625,Engagement & Wedding Cake Design 15,oc625.jpg,images/oc625.jpg
Cakes,Special Occasion,Engagement / Wedding,OC626,Engagement & Wedding Cake Design 16,oc626.jpg,images/oc626.jpg
Cakes,Special Occasion,Engagement / Wedding,OC627,Engagement & Wedding Cake Design 17,oc627.jpg,images/oc627.jpg
Cakes,Special Occasion,Engagement / Wedding,OC628,Engagement & Wedding Cake Design 18,oc628.jpg,images/oc628.jpg
Cakes,Special Occasion,Engagement / Wedding,OC629,Engagement & Wedding Cake Design 19,oc629.jpg,images/oc629.jpg
Cakes,Special Occasion,Engagement / Wedding,OC630,Engagement & Wedding Cake Design 20,oc630.jpg,images/oc630.jpg
Cakes,Special Occasion,Baby Shower,OC631,Baby Shower Cake Design 01,oc631.jpg,images/oc631.jpg
Cakes,Special Occasion,Baby Shower,OC632,Baby Shower Cake Design 02,oc632.jpg,images/oc632.jpg
Cakes,Special Occasion,Baby Shower,OC633,Baby Shower Cake Design 03,oc633.jpg,images/oc633.jpg
Cakes,Special Occasion,Baby Shower,OC634,Baby Shower Cake Design 04,oc634.jpg,images/oc634.jpg
Cakes,Special Occasion,Baby Shower,OC635,Baby Shower Cake Design 05,oc635.jpg,images/oc635.jpg
Cakes,Special Occasion,Baby Shower,OC636,Baby Shower Cake Design 06,oc636.jpg,images/oc636.jpg
Cakes,Special Occasion,Baby Shower,OC637,Baby Shower Cake Design 07,oc637.jpg,images/oc637.jpg
Cakes,Special Occasion,Baby Shower,OC638,Baby Shower Cake Design 08,oc638.jpg,images/oc638.jpg
Cakes,Special Occasion,Baby Shower,OC639,Baby Shower Cake Design 09,oc639.jpg,images/oc639.jpg
Cakes,Special Occasion,Baby Shower,OC640,Baby Shower Cake Design 10,oc640.jpg,images/oc640.jpg
Cakes,Special Occasion,Baby Shower,OC641,Baby Shower Cake Design 11,oc641.jpg,images/oc641.jpg
Cakes,Special Occasion,Baby Shower,OC642,Baby Shower Cake Design 12,oc642.jpg,images/oc642.jpg
Cakes,Special Occasion,Baby Shower,OC643,Baby Shower Cake Design 13,oc643.jpg,images/oc643.jpg
Cakes,Special Occasion,Baby Shower,OC644,Baby Shower Cake Design 14,oc644.jpg,images/oc644.jpg
Cakes,Special Occasion,Baby Shower,OC645,Baby Shower Cake Design 15,oc645.jpg,images/oc645.jpg
Cakes,Special Occasion,Baby Shower,OC646,Baby Shower Cake Design 16,oc646.jpg,images/oc646.jpg
Cakes,Special Occasion,Baby Shower,OC647,Baby Shower Cake Design 17,oc647.jpg,images/oc647.jpg
Cakes,Special Occasion,Baby Shower,OC648,Baby Shower Cake Design 18,oc648.jpg,images/oc648.jpg
Cakes,Special Occasion,Baby Shower,OC649,Baby Shower Cake Design 19,oc649.jpg,images/oc649.jpg
Cakes,Special Occasion,Baby Shower,OC650,Baby Shower Cake Design 20,oc650.jpg,images/oc650.jpg
Cakes,Special Occasion,Housewarming (Griha Pravesh),OC651,Housewarming Cake Design 01,oc651.jpg,images/oc651.jpg
Cakes,Special Occasion,Housewarming (Griha Pravesh),OC652,Housewarming Cake Design 02,oc652.jpg,images/oc652.jpg
Cakes,Special Occasion,Housewarming (Griha Pravesh),OC653,Housewarming Cake Design 03,oc653.jpg,images/oc653.jpg
Cakes,Special Occasion,Housewarming (Griha Pravesh),OC654,Housewarming Cake Design 04,oc654.jpg,images/oc654.jpg
Cakes,Special Occasion,Housewarming (Griha Pravesh),OC655,Housewarming Cake Design 05,oc655.jpg,images/oc655.jpg
Cakes,Special Occasion,Housewarming (Griha Pravesh),OC656,Housewarming Cake Design 06,oc656.jpg,images/oc656.jpg
Cakes,Special Occasion,Housewarming (Griha Pravesh),OC657,Housewarming Cake Design 07,oc657.jpg,images/oc657.jpg
Cakes,Special Occasion,Housewarming (Griha Pravesh),OC658,Housewarming Cake Design 08,oc658.jpg,images/oc658.jpg
Cakes,Special Occasion,Housewarming (Griha Pravesh),OC659,Housewarming Cake Design 09,oc659.jpg,images/oc659.jpg
Cakes,Special Occasion,Housewarming (Griha Pravesh),OC660,Housewarming Cake Design 10,oc660.jpg,images/oc660.jpg
Cakes,Special Occasion,Housewarming (Griha Pravesh),OC661,Housewarming Cake Design 11,oc661.jpg,images/oc661.jpg
Cakes,Special Occasion,Housewarming (Griha Pravesh),OC662,Housewarming Cake Design 12,oc662.jpg,images/oc662.jpg
Cakes,Special Occasion,Housewarming (Griha Pravesh),OC663,Housewarming Cake Design 13,oc663.jpg,images/oc663.jpg
Cakes,Special Occasion,Housewarming (Griha Pravesh),OC664,Housewarming Cake Design 14,oc664.jpg,images/oc664.jpg
Cakes,Special Occasion,Housewarming (Griha Pravesh),OC665,Housewarming Cake Design 15,oc665.jpg,images/oc665.jpg
Cakes,Special Occasion,Housewarming (Griha Pravesh),OC666,Housewarming Cake Design 16,oc666.jpg,images/oc666.jpg
Cakes,Special Occasion,Housewarming (Griha Pravesh),OC667,Housewarming Cake Design 17,oc667.jpg,images/oc667.jpg
Cakes,Special Occasion,Housewarming (Griha Pravesh),OC668,Housewarming Cake Design 18,oc668.jpg,images/oc668.jpg
Cakes,Special Occasion,Housewarming (Griha Pravesh),OC669,Housewarming Cake Design 19,oc669.jpg,images/oc669.jpg
Cakes,Special Occasion,Housewarming (Griha Pravesh),OC670,Housewarming Cake Design 20,oc670.jpg,images/oc670.jpg
Cakes,Special Occasion,Farewell / Promotion Party,OC671,Farewell & Promotion Party Cake Design 01,oc671.jpg,images/oc671.jpg
Cakes,Special Occasion,Farewell / Promotion Party,OC672,Farewell & Promotion Party Cake Design 02,oc672.jpg,images/oc672.jpg
Cakes,Special Occasion,Farewell / Promotion Party,OC673,Farewell & Promotion Party Cake Design 03,oc673.jpg,images/oc673.jpg
Cakes,Special Occasion,Farewell / Promotion Party,OC674,Farewell & Promotion Party Cake Design 04,oc674.jpg,images/oc674.jpg
Cakes,Special Occasion,Farewell / Promotion Party,OC675,Farewell & Promotion Party Cake Design 05,oc675.jpg,images/oc675.jpg
Cakes,Special Occasion,Farewell / Promotion Party,OC676,Farewell & Promotion Party Cake Design 06,oc676.jpg,images/oc676.jpg
Cakes,Special Occasion,Farewell / Promotion Party,OC677,Farewell & Promotion Party Cake Design 07,oc677.jpg,images/oc677.jpg
Cakes,Special Occasion,Farewell / Promotion Party,OC678,Farewell & Promotion Party Cake Design 08,oc678.jpg,images/oc678.jpg
Cakes,Special Occasion,Farewell / Promotion Party,OC679,Farewell & Promotion Party Cake Design 09,oc679.jpg,images/oc679.jpg
Cakes,Special Occasion,Farewell / Promotion Party,OC680,Farewell & Promotion Party Cake Design 10,oc680.jpg,images/oc680.jpg
Cakes,Special Occasion,Farewell / Promotion Party,OC681,Farewell & Promotion Party Cake Design 11,oc681.jpg,images/oc681.jpg
Cakes,Special Occasion,Farewell / Promotion Party,OC682,Farewell & Promotion Party Cake Design 12,oc682.jpg,images/oc682.jpg
Cakes,Special Occasion,Farewell / Promotion Party,OC683,Farewell & Promotion Party Cake Design 13,oc683.jpg,images/oc683.jpg
Cakes,Special Occasion,Farewell / Promotion Party,OC684,Farewell & Promotion Party Cake Design 14,oc684.jpg,images/oc684.jpg
Cakes,Special Occasion,Farewell / Promotion Party,OC685,Farewell & Promotion Party Cake Design 15,oc685.jpg,images/oc685.jpg
Cakes,Special Occasion,Farewell / Promotion Party,OC686,Farewell & Promotion Party Cake Design 16,oc686.jpg,images/oc686.jpg
Cakes,Special Occasion,Farewell / Promotion Party,OC687,Farewell & Promotion Party Cake Design 17,oc687.jpg,images/oc687.jpg
Cakes,Special Occasion,Farewell / Promotion Party,OC688,Farewell & Promotion Party Cake Design 18,oc688.jpg,images/oc688.jpg
Cakes,Special Occasion,Farewell / Promotion Party,OC689,Farewell & Promotion Party Cake Design 19,oc689.jpg,images/oc689.jpg
Cakes,Special Occasion,Farewell / Promotion Party,OC690,Farewell & Promotion Party Cake Design 20,oc690.jpg,images/oc690.jpg
Pastries,,,,Strawberry Pastry,strawberry-pastry.jpg,images/strawberry-pastry.jpg
Pastries,,,,Butterscotch Pastry,butterscotch-pastry.jpg,images/butterscotch-pastry.jpg
Pastries,,,,Pineapple Pastry,pineapple-pastry.jpg,images/pineapple-pastry.jpg
Pastries,,,,Chocolate Pastry,chocolate-pastry.jpg,images/chocolate-pastry.jpg
Pastries,,,,Black Forest Pastry,black-forest-pastry.jpg,images/black-forest-pastry.jpg
Pastries,,,,Red Velvet Pastry,red-velvet-pastry.jpg,images/red-velvet-pastry.jpg
Pastries,,,,Biscoff Pastry,biscoff-pastry.jpg,images/biscoff-pastry.jpg
Pastries,,,,Truffle Pastry,truffle-pastry.jpg,images/truffle-pastry.jpg
Pastries,,,,Oreo Pastry,oreo-pastry.jpg,images/oreo-pastry.jpg
Gourmet Treats,,,,Choco Taco,choco-taco.jpg,images/choco-taco.jpg
Gourmet Treats,,,,Choco Ball,choco-ball.jpg,images/choco-ball.jpg
Gourmet Treats,,,,Cake Jar,cake-jar.jpg,images/cake-jar.jpg
Gourmet Treats,,,,Brownie,brownie.jpg,images/brownie.jpg
Gourmet Treats,,,,Donut,donut.jpg,images/donut.jpg
Gourmet Treats,,,,Cupcake,cupcake.jpg,images/cupcake.jpg
Gourmet Treats,,,,Dessert Bowl,dessert-bowl.jpg,images/dessert-bowl.jpg
Savory Bakes,,,,Aaloo Patties,aaloo-patties.jpg,images/aaloo-patties.jpg
Savory Bakes,,,,Paneer Patties,paneer-patties.jpg,images/paneer-patties.jpg
Savory Bakes,,,,Bakery Biscuits,bakery-biscuits.jpg,images/bakery-biscuits.jpg
Savory Bakes,,,,Cookies,cookies.jpg,images/cookies.jpg
Beverages & Shakes,,,,Cold Coffee,cold-coffee.jpg,images/cold-coffee.jpg
